label,genre,about,short
0,rap & electric,,rap & ele.
1,famous rock & pop,,rock & pop
2,music makers,,makers
3,pop punk,,
4,meme,,
5,Rick Astley,,Astley
6,dance pop,,
7,pop,,
8,metal,,
9,metalcore,,
10,edm,,
11,alt rock,,
12,edm2,,
13,pop3,,
14,indie,,
15,indietronica,,
16,international pop,,in'tl pop
17,jazz fusion,,
18,rap,,
19,indie2,,
20,electronica,,
21,Luis Fonsi,,Fonsi
22,monstercat edm,,cat edm
23,japanese,,
24,indie3,,
25,lofi hiphop,,lofi
26,prog metal,,
27,k-pop,,
28,rap2,,
29,strut,,
30,spotify,,
31,DnB,,
32,k-pop2,,
33,pop punk2,,
34,alternative metal,,alt. metal
35,metalcore2,,
36,otacore,,
37,trance,,
38,deathcore,,
39,hardstyle,,
40,rock,,
41,underground hip hop,,ind. hip hop
42,retro electro,,retro elec.
43,pop4,,
44,soundtrack,,
45,power metal,,
46,philippines,,
47,rock2,,
48,casual conversation & infp,,casual conv.
49,uk hip hop,,
